Workbook

Sheet Test Cases
A1: Test ID | B1: Module | C1: Design Ref (notes) | D1: Technique | E1: Description | F1: Input Data | G1: Expected Result | H1: Data Source | I1: Automated Test | J1: Status
A2: SMOKE-01 | B2: Setup | C2: - | D2: Smoke Test | E2: CTFd home page opens in the browser | F2: open http://localhost:4000 | G2: Page title contains TestCTF | H2: - | I2: SmokeTest.test_home_page_opens | J2: Pass
A3: AUTH-REG-01 | B3: Authentication | C3: EC1 | D3: ECP | E3: Register with a valid username, email and password | F3: user_<random> / u<random>@test.com / Pass@123 | G3: Account created, Challenges page opens | H3: data/register_data.csv | I3: RegisterTests.test_register_01 | J3: Pass
A4: AUTH-REG-02 | B4: Authentication | C4: EC2 | D4: ECP | E4: Username with spaces only | F4: username: 3 spaces / valid email / Pass@123 | G4: Pick a longer user name | H4: data/register_data.csv | I4: RegisterTests.test_register_02 | J4: Pass
A5: AUTH-REG-03 | B5: Authentication | C5: EC3 | D5: ECP | E5: Username that is already taken | F5: admin / valid email / Pass@123 | G5: That user name is already taken | H5: data/register_data.csv | I5: RegisterTests.test_register_03 | J5: Pass
A6: AUTH-REG-04 | B6: Authentication | C6: EC4 | D6: ECP | E6: Username in email format | F6: <random>@b.com / valid email / Pass@123 | G6: Your user name cannot be an email address | H6: data/register_data.csv | I6: RegisterTests.test_register_04 | J6: Pass
A7: AUTH-REG-05 | B7: Authentication | C7: EC6 | D7: ECP | E7: Email with wrong format (abc) | F7: valid username / abc / Pass@123 | G7: Form is not submitted (browser email check) | H7: data/register_data.csv | I7: RegisterTests.test_register_05 | J7: Pass
A8: AUTH-REG-06 | B8: Authentication | C8: EC6 | D8: ECP | E8: Email with wrong format (abc@) | F8: valid username / abc@ / Pass@123 | G8: Form is not submitted (browser email check) | H8: data/register_data.csv | I8: RegisterTests.test_register_06 | J8: Pass
A9: AUTH-REG-07 | B9: Authentication | C9: EC7 | D9: ECP | E9: Email that is already used | F9: valid username / admin@test.com / Pass@123 | G9: That email has already been used | H9: data/register_data.csv | I9: RegisterTests.test_register_07 | J9: Pass
A10: AUTH-REG-08 | B10: Authentication | C10: EC9 | D10: ECP | E10: Password with spaces only | F10: valid username / valid email / 3 spaces | G10: Pick a longer password | H10: data/register_data.csv | I10: RegisterTests.test_register_08 | J10: Pass
A11: AUTH-REG-09 | B11: Authentication | C11: BVA1 | D11: BVA | E11: Username below minimum length (0 chars) | F11: blank username / valid email / Pass@123 | G11: Form is not submitted | H11: data/register_data.csv | I11: RegisterTests.test_register_09 | J11: Pass
A12: AUTH-REG-10 | B12: Authentication | C12: BVA2 | D12: BVA | E12: Username at minimum length (1 char) | F12: 1 random character / valid email / Pass@123 | G12: Account created | H12: data/register_data.csv | I12: RegisterTests.test_register_10 | J12: Pass
... A50: SCORE-09 | B50: Scoreboard | C50: SB8 | D50: Use Case | E50: Clicking a username opens that user's profile | F50: click own username in the table | G50: Profile page opens (URL has /users/) | H50: - | I50: ScoreboardTests.test_username_link_opens_profile | J50: Pass

Sheet Register Data
A1: test_id | B1: username | C1: email | D1: password | E1: result | F1: messages
A2: EC1 | B2: user_{uid} | C2: u{uid}@test.com | D2: Pass@123 | E2: created
A3: EC2 | C3: u{uid}@test.com | D3: Pass@123 | E3: rejected | F3: Pick a longer user name
A4: EC3 | B4: admin | C4: u{uid}@test.com | D4: Pass@123 | E4: rejected | F4: That user name is already taken
A5: EC4 | B5: {uid}@b.com | C5: u{uid}@test.com | D5: Pass@123 | E5: rejected | F5: Your user name cannot be an email address
A6: EC6a | B6: user_{uid} | C6: abc | D6: Pass@123 | E6: rejected
A7: EC6b | B7: user_{uid} | C7: abc@ | D7: Pass@123 | E7: rejected
A8: EC7 | B8: user_{uid} | C8: admin@test.com | D8: Pass@123 | E8: rejected | F8: That email has already been used
A9: EC9 | B9: user_{uid} | C9: u{uid}@test.com | E9: rejected | F9: Pick a longer password
A10: BVA1 | C10: u{uid}@test.com | D10: Pass@123 | E10: rejected
A11: BVA2 | B11: {rc} | C11: u{uid}@test.com | D11: Pass@123 | E11: created
A12: BVA3 | B12: {rc}{rc} | C12: u{uid}@test.com | D12: Pass@123 | E12: created
A13: BVA4 | B13: user_{uid} | C13: u{uid}@test.com | E13: rejected
A14: BVA5 | B14: user_{uid} | C14: u{uid}@test.com | D14: a | E14: created
A15: BVA6 | B15: user_{uid} | C15: u{uid}@test.com | D15: {a127} | E15: created
A16: BVA7 | B16: user_{uid} | C16: u{uid}@test.com | D16: {a128} | E16: created
A17: BVA8 | B17: user_{uid} | C17: u{uid}@test.com | D17: {a129} | E17: rejected | F17: Pick a shorter password
A18: R6 | B18: admin | C18: u{uid}@test.com | D18: {a129} | E18: rejected | F18: That user name is already taken|Pick a shorter password
A19: R7 | B19: user_{uid} | C19: admin@test.com | D19: {a129} | E19: rejected | F19: That email has already been used|Pick a shorter password
A20: R8 | B20: admin | C20: admin@test.com | D20: {a129} | E20: rejected | F20: That user name is already taken|That email has already been used|Pick a shorter password
A21: EG1 | B21: user_{uid} | C21: u{uid}@test.com | D21: Pass@123 | E21: created
A22: EG2 | B22: user_{uid} | C22: ADMIN@TEST.COM | D22: Pass@123 | E22: rejected | F22: That email has already been used
A24: Copy of data/register_data.csv. The tests read the CSV file, not this sheet.

Sheet Login Data
A1: test_id | B1: username | C1: password | D1: result | E1: message
A2: L1 | B2: login_user | C2: Login@123 | D2: logged_in
A3: L2 | B3: login_user@test.com | C3: Login@123 | D3: logged_in
A4: L3 | B4: login_user | C4: WrongPass1 | D4: rejected | E4: Your username or password is incorrect
A5: L4 | B5: no_such_user_xyz | C5: Login@123 | D5: rejected | E5: Your username or password is incorrect
A6: L5 | D6: rejected
A8: Copy of data/login_data.csv. The tests read the CSV file, not this sheet.

Sheet Flag Data
A1: test_id | B1: flag | C1: message
A2: FL1 | B2: flag{test123} | C2: Correct
A3: FL2 | B3: wrong | C3: Incorrect
A4: FL3 | B4: FLAG{TEST123} | C4: Incorrect
A5: FL4 | B5: flag{test123 | C5: Incorrect
A6: FL5 | B6: flag{test123}x | C6: Incorrect
A7: FL6 | B7: flag{test123} | C7: Correct
A8: FL7 | C8: Incorrect
A9: FL8 | B9: ' OR 1=1 -- | C9: Incorrect
A10: FL9 | B10: {a1000} | C10: Incorrect
A12: Copy of data/flag_data.csv. The tests read the CSV file, not this sheet.

Sheet Summary
A1: CTFd Test Execution Summary
A3: Module | B3: Total | C3: Pass | D3: Fail | E3: Not Run | F3: Pass Rate
A4: Setup | B4: =COUNTIF('Test Cases'!$B$2:$B$50,A4) -> 1 | C4: =COUNTIFS('Test Cases'!$B$2:$B$50,A4,'Test Cases'!$J$2:$J$50,"Pass") -> 1 | D4: =COUNTIFS('Test Cases'!$B$2:$B$50,A4,'Test Cases'!$J$2:$J$50,"Fail") -> 0 | E4: =COUNTIFS('Test Cases'!$B$2:$B$50,A4,'Test Cases'!$J$2:$J$50,"Not Run") -> 0 | F4: =IF(B4=0,0,C4/B4) -> 1
A5: Authentication | B5: =COUNTIF('Test Cases'!$B$2:$B$50,A5) -> 27 | C5: =COUNTIFS('Test Cases'!$B$2:$B$50,A5,'Test Cases'!$J$2:$J$50,"Pass") -> 27 | D5: =COUNTIFS('Test Cases'!$B$2:$B$50,A5,'Test Cases'!$J$2:$J$50,"Fail") -> 0 | E5: =COUNTIFS('Test Cases'!$B$2:$B$50,A5,'Test Cases'!$J$2:$J$50,"Not Run") -> 0 | F5: =IF(B5=0,0,C5/B5) -> 1
A6: Challenges | B6: =COUNTIF('Test Cases'!$B$2:$B$50,A6) -> 12 | C6: =COUNTIFS('Test Cases'!$B$2:$B$50,A6,'Test Cases'!$J$2:$J$50,"Pass") -> 12 | D6: =COUNTIFS('Test Cases'!$B$2:$B$50,A6,'Test Cases'!$J$2:$J$50,"Fail") -> 0 | E6: =COUNTIFS('Test Cases'!$B$2:$B$50,A6,'Test Cases'!$J$2:$J$50,"Not Run") -> 0 | F6: =IF(B6=0,0,C6/B6) -> 1
A7: Scoreboard | B7: =COUNTIF('Test Cases'!$B$2:$B$50,A7) -> 9 | C7: =COUNTIFS('Test Cases'!$B$2:$B$50,A7,'Test Cases'!$J$2:$J$50,"Pass") -> 9 | D7: =COUNTIFS('Test Cases'!$B$2:$B$50,A7,'Test Cases'!$J$2:$J$50,"Fail") -> 0 | E7: =COUNTIFS('Test Cases'!$B$2:$B$50,A7,'Test Cases'!$J$2:$J$50,"Not Run") -> 0 | F7: =IF(B7=0,0,C7/B7) -> 1
A8: Total | B8: =SUM(B4:B7) -> 49 | C8: =SUM(C4:C7) -> 49 | D8: =SUM(D4:D7) -> 0 | E8: =SUM(E4:E7) -> 0 | F8: =IF(B8=0,0,C8/B8) -> 1
A10: Notes
A11: Status values were taken from the full run on 18 Oct 2026: python run_tests.py --workers 3 --delay 0 (49 run, 0 failed).
A12: Change a value in the Status column of the Test Cases sheet and this table updates by itself.
A13: Status can be Pass, Fail or Not Run.
